ID,Product Name,Price,Brand,Product Rating,Seller Rating,Questions,Reviews,Rank,Product Links
1,Samsung A14 4GB/64GB - 5000 mAh Battery - 6.6' Display - Android 13,34999,Samsung,4.4,0,0,14,61.6,https://www.daraz.pk/products/samsung-a14-4gb64gb-5000-mah-battery-66-display-android-13-i436839264-s2101404094.html?search=1
2,Redmi Note 12 (8GB-128GB) PTA Approved With Official 1 Year Warranty,51999,Xiaomi,4.7,93,7,17,79.9,https://www.daraz.pk/products/redmi-note-12-8gb-128gb-pta-approved-with-official-1-year-warranty-i421074981-s1988370279.html?search=1
3,Redmi 12C (4GB-128GB),27999,Xiaomi,4.6,93,10,17,78.2,https://www.daraz.pk/products/redmi-12c-4gb-128gb-i423267378-s2003110636.html?search=1
4,Infinix Note 30 Pro 8-256 GB PTA Approved With Official 1 Year Warranty,64499,Infinix,4.7,0,1,18,84.6,https://www.daraz.pk/products/infinix-note-30-pro-8-256-gb-pta-approved-with-official-1-year-warranty-i436821010-s2101334479.html?search=1
5,Realme Narzo 50A Prime (4GB-128GB) PTA Approved With Official 1 Year Warranty,32999,Realme,4.2,0,2,17,71.4,https://www.daraz.pk/products/realme-narzo-50a-prime-4gb-128gb-pta-approved-with-official-1-year-warranty-i436801398-s2101274808.html?search=1
6,Redmi Note 12 8 GB RAM + 128GB ROM PTA Approved Mobile Phone with 1 Year Brand Warranty,49999,Xiaomi,4.7,92,10,16,75.2,https://www.daraz.pk/products/redmi-note-12-8-gb-ram-128gb-rom-pta-approved-mobile-phone-with-1-year-brand-warranty-i429185340-s2040915791.html?search=1
7,Redmi A2+ - 3GB/64GB - Mediatek Helio G36 - Android 12- 5000 mAh Battery,19399,Xiaomi,4.7,92,9,7,32.9,https://www.daraz.pk/products/redmi-a2-3gb64gb-mediatek-helio-g36-android-12-5000-mah-battery-i430451931-s2051820850.html?search=1
8,"Infinix Note 30 8GB/128GB - Android 13 - 6.78"" Display - 5000 mAh Battery",43499,Infinix,4.3,0,9,22,94.6,https://www.daraz.pk/products/infinix-note-30-8gb128gb-android-13-678-display-5000-mah-battery-i436820987-s2101357944.html?search=1
9,Redmi note 12 8GB RAM -128GB ROM PTA APPROVED OFFICIAL WARRANTY SUPER FAST CHARGING,50499,Redmi,3.2,85,8,16,51.2,https://www.daraz.pk/products/redmi-note-12-8gb-ram-128gb-rom-pta-approved-official-warranty-super-fast-charging-i421521093-s1991845039.html?search=1
10,Tecno SPARK 10 PRO 8GB RAM - 256GB ROM PTA APPROVED OFFICIAL BRAND WARRANTY,38450,Tecno,4.5,89,8,15,67.5,https://www.daraz.pk/products/tecno-spark-10-pro-8gb-ram-256gb-rom-pta-approved-official-brand-warranty-i436994487-s2101829511.html?search=1
11,vivo Y17s - 6GB RAM - 128GB ROM - 5000mAh Battery - 50+2 MP Camera - Helio G85 Processor,44999,Vivo,4.8,92,8,14,67.2,https://www.daraz.pk/products/vivo-y17s-6gb-ram-128gb-rom-5000mah-battery-502-mp-camera-helio-g85-processor-i434216463-s2082615909.html?search=1
12,"Infinix Hot 30 , 8GB RAM 128GB ROM , 50MP Main Camera , Fingerprint , 5000mAh Battery",36999,Infinix,4.9,95,1,10,49,https://www.daraz.pk/products/30-8gb-128gb-50mp-5000mah-i432054677-s2064260237.html?search=1
13,"SPARX NEO 7 ULTRA 6+128GB || 6.7"" DISPLAY || 5000mAh BATTERY || OCTA CORE PROCESSOR || FAST CHARGING || PTA APPROVED || ONE YEAR BRAND WARRANTY",28999,No Brand,4.5,92,10,7,31.5,https://www.daraz.pk/products/sparx-neo-7-ultra-6128gb-67-display-5000mah-battery-octa-core-processor-fast-charging-pta-approved-one-year-brand-warranty-i423781498-s2073410404.html?search=1
14,Redmi A2+ || 3GB Ram 64GB Rom || 5000mAh Battery Xiaomi Redmi A2 Plus,19999,Redmi,4.7,91,4,11,51.7,https://www.daraz.pk/products/a2-3gb-64gb-5000mah-i430324944-s2050666136.html?search=1
15,Samsung Galaxy A24 8GB+128GB,72999,Samsung,4.6,92,4,16,73.6,https://www.daraz.pk/products/samsung-galaxy-a24-8gb128gb-i427414634-s2030038838.html?search=1
16,"Infinix Note 30 , 8GB RAM 256GB ROM , 64MP Main Camera , Fingerprint , 5000mAh Fast Charging",46999,Infinix,4.8,95,2,17,81.6,https://www.daraz.pk/products/30-8gb-256gb-64mp-5000mah-i430239285-s2059656609.html?search=1
17,Honor X5 Dual SIM 2GB RAM 32GB 4G 1Year Official Warranty,19999,Honor,4.7,90,1,25,117.5,https://www.daraz.pk/products/honor-x5-dual-sim-2gb-ram-32gb-4g-1year-official-warranty-i421054632-s1988619536.html?search=1
18,Samsung Galaxy A14 6GB+128GB,54999,Samsung,4.3,92,4,23,98.9,https://www.daraz.pk/products/samsung-galaxy-a14-6gb128gb-i422210787-s1998035735.html?search=1
19,Redmi 12C 4GB RAM + 128GB ROM PTA Approved Mobile Phone with 1 Year Brand Warranty,26999,Xiaomi,4.7,92,8,16,75.2,https://www.daraz.pk/products/redmi-12c-4gb-ram-128gb-rom-pta-approved-mobile-phone-with-1-year-brand-warranty-i425103339-s2013166151.html?search=1
20,"Redmi 12C - 6.71"" Inch Display - 4GB RAM",25990,Redmi,4.5,85,1,19,85.5,https://www.daraz.pk/products/redmi-12c-671-inch-display-4gb-ram-i425222112-s2014006595.html?search=1
21,itel A60s 4GB RAM* +128GB ROM 6.6″ HD+ Display 5000mAh Battery PTA approved Official Brand Warranty,22399,itel,4.7,85,2,18,84.6,https://www.daraz.pk/products/itel-a60s-4gb-ram-128gb-rom-66-hd-display-5000mah-battery-pta-approved-official-brand-warranty-i432849791-s2069109931.html?search=1
22,Samsung Galaxy A04 4GB - 64GB OFFICIAL PTA APPROVED OFFICIAL WARRANTY,29999,Samsung,4.6,93,2,15,69,https://www.daraz.pk/products/samsung-galaxy-a04-4gb-64gb-official-pta-approved-official-warranty-i438355041-s2122292352.html?search=1
23,Samsung Galaxy A14 4GB+128GB,51999,Samsung,4.7,92,3,16,75.2,https://www.daraz.pk/products/samsung-galaxy-a14-4gb128gb-i422211748-s1998041160.html?search=1
24,Xiaomi Redmi Note 12 || 8GB Ram 128GB Rom || 5000mAh Battery 33W Fast Charger,50399,Redmi,4.8,91,0,16,76.8,https://www.daraz.pk/products/12-8gb-128gb-5000mah-33-i421379488-s1989920618.html?search=1
25,"Redmi 12C, 4GB RAM 128GB ROM , 50 MP Al Dual Camera , Finger Sensor , 5000 mAh Battery , Fast Charging",29999,Redmi,4.7,95,9,18,84.6,https://www.daraz.pk/products/12c-4gb-128gb-50-mp-al-5000-mah-i430225803-s2080865730.html?search=1
26,Samsung Galaxy A54 8GB+256GB,128999,Samsung,4.6,92,2,1,4.6,https://www.daraz.pk/products/samsung-galaxy-a54-8gb256gb-i432674368-s2125093041.html?search=1
27,Sparx neo 7 ultra 8GB RAM 128GB ROM || 50 MP dual camera || 5000mAh battery || PTA approved || 1 year brand warranty,31499,No Brand,4.3,92,7,5,21.5,https://www.daraz.pk/products/sparx-neo-7-ultra-8gb-ram-128gb-rom-50-mp-dual-camera-5000mah-battery-pta-approved-1-year-brand-warranty-i432785193-s2114126786.html?search=1
28,Redmi Note 12 (8GB-256GB) PTA Approved With Official 1 Year Warranty,61999,Xiaomi,4.7,93,0,18,84.6,https://www.daraz.pk/products/redmi-note-12-8gb-256gb-pta-approved-with-official-1-year-warranty-i432987619-s2071517363.html?search=1
29,"Infinix Note 30 , 8GB RAM 256GB ROM , 64MP Main Camera , Fingerprint , 5000mAh Fast Charging",46999,Infinix,4.6,87,7,12,55.2,https://www.daraz.pk/products/30-8gb-256gb-64mp-5000mah-i428260994-s2049065109.html?search=1
30,Infinix Hot 30 || 8GB+8GB Ram 128GB Rom || 5000mAh Battery,36999,Infinix,4.7,91,0,24,112.8,https://www.daraz.pk/products/30-8gb-128gb-5000mah-i431382940-s2064284782.html?search=1
31,Xiaomi 13T (12GB-256GB) PTA Approved With Official 1 Year Warranty,169999,Xiaomi,4.5,93,10,18,81,https://www.daraz.pk/products/13t-12gb-256gb-1-pta-i433497804-s2080954311.html?search=1
32,TECNO CAMON 20 - 8GB+8GB RAM 256GB ROM - 5000 mAh Battery,47000,Tecno,5,89,9,15,75,https://www.daraz.pk/products/20-8gb-8gb-256gb-5000-mah-i428986336-s2045897546.html?search=1
33,OPPO A17 4GB + 64GB 5000mAh Battery,36999,OPPO,4.7,90,5,18,84.6,https://www.daraz.pk/products/oppo-a17-4gb-64gb-5000mah-battery-i422151695-s1997383387.html?search=1
34,"Itel S23 - 6.6"" Inch Display - 8GB + 8GB RAM - 128GB / 256GB ROM",27999,Itel,4.6,85,10,18,82.8,https://www.daraz.pk/products/itel-s23-66-inch-display-8gb-8gb-ram-128gb-256gb-rom-i427991771-s2034404169.html?search=1
35,Tecno CAMON 20 8GB RAM-256GB ROM 5000MAH BATTERY PTA APPROVED OFFICIAL BRAND WARRANTY,45496,Tecno,5,95,2,1,5,https://www.daraz.pk/products/20-8gb-ram-256gb-5000mah-pta-i432856844-s2101369194.html?search=1
36,"Tecno Camon 20 - 8GB/256GB - 64 MP Camera - 5000 mAH- Battery - 6.67""",53999,Tecno,4.7,94,2,16,75.2,https://www.daraz.pk/products/tecno-camon-20-8gb256gb-64-mp-camera-5000-mah-battery-667-i428102257-s2035159540.html?search=1
37,Redmi 12C || 4GB Ram 128GB Rom || 6.71 Inches IPS Display || 5000 mAh - Battery charging 10W wired,28999,Redmi,4.9,94,10,18,88.2,https://www.daraz.pk/products/12c-4gb-1-000-gb-10w-i426364045-s2024317570.html?search=1
38,Samsung Galaxy A04s 4GB - 128GB OFFICIAL PTA APPROVED OFFICIAL WARRANTY,39999,Samsung,4.7,93,7,17,79.9,https://www.daraz.pk/products/samsung-galaxy-a04s-4gb-128gb-official-pta-approved-official-warranty-i429492323-s2045838409.html?search=1
39,Sparx Neo X || 4GB RAM 64GB ROM || 50MP +2MP Camera || 5000mAh Battery || PTA Approved || 1 Year Brand Warranty,24999,No Brand,4.6,92,8,15,69,https://www.daraz.pk/products/sparx-neo-x-4gb-ram-64gb-rom-50mp-2mp-camera-5000mah-battery-pta-approved-1-year-brand-warranty-i429329343-s2045915202.html?search=1
40,itel A60s 6.6″ HD+ Display | 8+128GB Storage | HD+ display | 8MP Dual Rear Camera,22749,itel,4.4,88,3,20,88,https://www.daraz.pk/products/itel-a60s-66-hd-display-8128gb-storage-hd-display-8mp-dual-rear-camera-i433726040-s2090405684.html?search=1
41,Samsung A14 4GB/64GB - 5000 mAh Battery - 6.6' Display - Android 13,34999,Samsung,4.4,0,6,14,61.6,https://www.daraz.pk/products/samsung-a14-4gb64gb-5000-mah-battery-66-display-android-13-i436839264-s2101404094.html?search=1
42,Redmi Note 12 (8GB-128GB) PTA Approved With Official 1 Year Warranty,51999,Xiaomi,4.7,93,9,17,79.9,https://www.daraz.pk/products/redmi-note-12-8gb-128gb-pta-approved-with-official-1-year-warranty-i421074981-s1988370279.html?search=1
43,Redmi 12C (4GB-128GB),27999,Xiaomi,4.6,93,6,17,78.2,https://www.daraz.pk/products/redmi-12c-4gb-128gb-i423267378-s2003110636.html?search=1
44,Infinix Note 30 Pro 8-256 GB PTA Approved With Official 1 Year Warranty,64499,Infinix,4.7,0,4,18,84.6,https://www.daraz.pk/products/infinix-note-30-pro-8-256-gb-pta-approved-with-official-1-year-warranty-i436821010-s2101334479.html?search=1
45,Realme Narzo 50A Prime (4GB-128GB) PTA Approved With Official 1 Year Warranty,32999,Realme,4.2,0,0,17,71.4,https://www.daraz.pk/products/realme-narzo-50a-prime-4gb-128gb-pta-approved-with-official-1-year-warranty-i436801398-s2101274808.html?search=1
46,Redmi Note 12 8 GB RAM + 128GB ROM PTA Approved Mobile Phone with 1 Year Brand Warranty,49999,Xiaomi,4.7,92,9,16,75.2,https://www.daraz.pk/products/redmi-note-12-8-gb-ram-128gb-rom-pta-approved-mobile-phone-with-1-year-brand-warranty-i429185340-s2040915791.html?search=1
47,Redmi A2+ - 3GB/64GB - Mediatek Helio G36 - Android 12- 5000 mAh Battery,19399,Xiaomi,4.7,92,2,7,32.9,https://www.daraz.pk/products/redmi-a2-3gb64gb-mediatek-helio-g36-android-12-5000-mah-battery-i430451931-s2051820850.html?search=1
48,"Infinix Note 30 8GB/128GB - Android 13 - 6.78"" Display - 5000 mAh Battery",43499,Infinix,4.3,0,8,19,81.7,https://www.daraz.pk/products/infinix-note-30-8gb128gb-android-13-678-display-5000-mah-battery-i436820987-s2101357944.html?search=1
49,Redmi note 12 8GB RAM -128GB ROM PTA APPROVED OFFICIAL WARRANTY SUPER FAST CHARGING,50499,Redmi,3.2,85,8,16,51.2,https://www.daraz.pk/products/redmi-note-12-8gb-ram-128gb-rom-pta-approved-official-warranty-super-fast-charging-i421521093-s1991845039.html?search=1
50,Tecno SPARK 10 PRO 8GB RAM - 256GB ROM PTA APPROVED OFFICIAL BRAND WARRANTY,38450,Tecno,4.5,89,0,16,72,https://www.daraz.pk/products/tecno-spark-10-pro-8gb-ram-256gb-rom-pta-approved-official-brand-warranty-i436994487-s2101829511.html?search=1
51,vivo Y17s - 6GB RAM - 128GB ROM - 5000mAh Battery - 50+2 MP Camera - Helio G85 Processor,44999,Vivo,4.8,92,2,10,48,https://www.daraz.pk/products/vivo-y17s-6gb-ram-128gb-rom-5000mah-battery-502-mp-camera-helio-g85-processor-i434216463-s2082615909.html?search=1
52,"Infinix Hot 30 , 8GB RAM 128GB ROM , 50MP Main Camera , Fingerprint , 5000mAh Battery",36999,Infinix,4.9,95,9,7,34.3,https://www.daraz.pk/products/30-8gb-128gb-50mp-5000mah-i432054677-s2064260237.html?search=1
53,"SPARX NEO 7 ULTRA 6+128GB || 6.7"" DISPLAY || 5000mAh BATTERY || OCTA CORE PROCESSOR || FAST CHARGING || PTA APPROVED || ONE YEAR BRAND WARRANTY",28999,No Brand,4.5,92,5,11,49.5,https://www.daraz.pk/products/sparx-neo-7-ultra-6128gb-67-display-5000mah-battery-octa-core-processor-fast-charging-pta-approved-one-year-brand-warranty-i423781498-s2073410404.html?search=1
54,Redmi A2+ || 3GB Ram 64GB Rom || 5000mAh Battery Xiaomi Redmi A2 Plus,19999,Redmi,4.7,91,4,16,75.2,https://www.daraz.pk/products/a2-3gb-64gb-5000mah-i430324944-s2050666136.html?search=1
55,Samsung Galaxy A24 8GB+128GB,72999,Samsung,4.6,92,0,17,78.2,https://www.daraz.pk/products/samsung-galaxy-a24-8gb128gb-i427414634-s2030038838.html?search=1
56,"Infinix Note 30 , 8GB RAM 256GB ROM , 64MP Main Camera , Fingerprint , 5000mAh Fast Charging",46999,Infinix,4.8,95,8,19,91.2,https://www.daraz.pk/products/30-8gb-256gb-64mp-5000mah-i430239285-s2059656609.html?search=1
57,Honor X5 Dual SIM 2GB RAM 32GB 4G 1Year Official Warranty,19999,Honor,4.7,90,7,23,108.1,https://www.daraz.pk/products/honor-x5-dual-sim-2gb-ram-32gb-4g-1year-official-warranty-i421054632-s1988619536.html?search=1
58,Samsung Galaxy A14 6GB+128GB,54999,Samsung,4.3,92,5,16,68.8,https://www.daraz.pk/products/samsung-galaxy-a14-6gb128gb-i422210787-s1998035735.html?search=1
59,Redmi 12C 4GB RAM + 128GB ROM PTA Approved Mobile Phone with 1 Year Brand Warranty,26999,Xiaomi,4.7,92,10,19,89.3,https://www.daraz.pk/products/redmi-12c-4gb-ram-128gb-rom-pta-approved-mobile-phone-with-1-year-brand-warranty-i425103339-s2013166151.html?search=1
60,"Redmi 12C - 6.71"" Inch Display - 4GB RAM",25990,Redmi,4.5,85,5,18,81,https://www.daraz.pk/products/redmi-12c-671-inch-display-4gb-ram-i425222112-s2014006595.html?search=1
61,itel A60s 4GB RAM* +128GB ROM 6.6″ HD+ Display 5000mAh Battery PTA approved Official Brand Warranty,22399,itel,4.7,85,3,15,70.5,https://www.daraz.pk/products/itel-a60s-4gb-ram-128gb-rom-66-hd-display-5000mah-battery-pta-approved-official-brand-warranty-i432849791-s2069109931.html?search=1
62,Samsung Galaxy A04 4GB - 64GB OFFICIAL PTA APPROVED OFFICIAL WARRANTY,29999,Samsung,4.6,93,4,16,73.6,https://www.daraz.pk/products/samsung-galaxy-a04-4gb-64gb-official-pta-approved-official-warranty-i438355041-s2122292352.html?search=1
63,Samsung Galaxy A14 4GB+128GB,51999,Samsung,4.7,92,7,25,117.5,https://www.daraz.pk/products/samsung-galaxy-a14-4gb128gb-i422211748-s1998041160.html?search=1
64,Xiaomi Redmi Note 12 || 8GB Ram 128GB Rom || 5000mAh Battery 33W Fast Charger,50399,Redmi,4.8,91,9,18,86.4,https://www.daraz.pk/products/12-8gb-128gb-5000mah-33-i421379488-s1989920618.html?search=1
65,"Redmi 12C, 4GB RAM 128GB ROM , 50 MP Al Dual Camera , Finger Sensor , 5000 mAh Battery , Fast Charging",29999,Redmi,4.7,95,4,18,84.6,https://www.daraz.pk/products/12c-4gb-128gb-50-mp-al-5000-mah-i430225803-s2080865730.html?search=1
66,Samsung Galaxy A54 8GB+256GB,128999,Samsung,4.6,92,9,5,23,https://www.daraz.pk/products/samsung-galaxy-a54-8gb256gb-i432674368-s2125093041.html?search=1
67,Sparx neo 7 ultra 8GB RAM 128GB ROM || 50 MP dual camera || 5000mAh battery || PTA approved || 1 year brand warranty,31499,No Brand,4.3,92,0,18,77.4,https://www.daraz.pk/products/sparx-neo-7-ultra-8gb-ram-128gb-rom-50-mp-dual-camera-5000mah-battery-pta-approved-1-year-brand-warranty-i432785193-s2114126786.html?search=1
68,Redmi Note 12 (8GB-256GB) PTA Approved With Official 1 Year Warranty,61999,Xiaomi,4.7,93,7,12,56.4,https://www.daraz.pk/products/redmi-note-12-8gb-256gb-pta-approved-with-official-1-year-warranty-i432987619-s2071517363.html?search=1
69,"Infinix Note 30 , 8GB RAM 256GB ROM , 64MP Main Camera , Fingerprint , 5000mAh Fast Charging",46999,Infinix,4.6,87,1,24,110.4,https://www.daraz.pk/products/30-8gb-256gb-64mp-5000mah-i428260994-s2049065109.html?search=1
70,Infinix Hot 30 || 8GB+8GB Ram 128GB Rom || 5000mAh Battery,36999,Infinix,4.7,91,3,18,84.6,https://www.daraz.pk/products/30-8gb-128gb-5000mah-i431382940-s2064284782.html?search=1
71,Xiaomi 13T (12GB-256GB) PTA Approved With Official 1 Year Warranty,169999,Xiaomi,4.5,93,1,15,67.5,https://www.daraz.pk/products/13t-12gb-256gb-1-pta-i433497804-s2080954311.html?search=1
72,TECNO CAMON 20 - 8GB+8GB RAM 256GB ROM - 5000 mAh Battery,47000,Tecno,5,89,10,18,90,https://www.daraz.pk/products/20-8gb-8gb-256gb-5000-mah-i428986336-s2045897546.html?search=1
73,OPPO A17 4GB + 64GB 5000mAh Battery,36999,OPPO,4.7,90,1,27,126.9,https://www.daraz.pk/products/oppo-a17-4gb-64gb-5000mah-battery-i422151695-s1997383387.html?search=1
74,"Itel S23 - 6.6"" Inch Display - 8GB + 8GB RAM - 128GB / 256GB ROM",27999,Itel,4.6,85,3,1,4.6,https://www.daraz.pk/products/itel-s23-66-inch-display-8gb-8gb-ram-128gb-256gb-rom-i427991771-s2034404169.html?search=1
75,Tecno CAMON 20 8GB RAM-256GB ROM 5000MAH BATTERY PTA APPROVED OFFICIAL BRAND WARRANTY,45496,Tecno,5,95,9,16,80,https://www.daraz.pk/products/20-8gb-ram-256gb-5000mah-pta-i432856844-s2101369194.html?search=1
76,"Tecno Camon 20 - 8GB/256GB - 64 MP Camera - 5000 mAH- Battery - 6.67""",53999,Tecno,4.7,94,8,18,84.6,https://www.daraz.pk/products/tecno-camon-20-8gb256gb-64-mp-camera-5000-mah-battery-667-i428102257-s2035159540.html?search=1
77,Redmi 12C || 4GB Ram 128GB Rom || 6.71 Inches IPS Display || 5000 mAh - Battery charging 10W wired,28999,Redmi,4.9,94,8,26,127.4,https://www.daraz.pk/products/12c-4gb-1-000-gb-10w-i426364045-s2024317570.html?search=1
78,Samsung Galaxy A04s 4GB - 128GB OFFICIAL PTA APPROVED OFFICIAL WARRANTY,39999,Samsung,4.7,93,1,15,70.5,https://www.daraz.pk/products/samsung-galaxy-a04s-4gb-128gb-official-pta-approved-official-warranty-i429492323-s2045838409.html?search=1
79,Sparx Neo X || 4GB RAM 64GB ROM || 50MP +2MP Camera || 5000mAh Battery || PTA Approved || 1 Year Brand Warranty,24999,No Brand,4.6,92,10,20,92,https://www.daraz.pk/products/sparx-neo-x-4gb-ram-64gb-rom-50mp-2mp-camera-5000mah-battery-pta-approved-1-year-brand-warranty-i429329343-s2045915202.html?search=1
80,itel A60s 6.6″ HD+ Display | 8+128GB Storage | HD+ display | 8MP Dual Rear Camera,22749,itel,4.4,88,5,27,118.8,https://www.daraz.pk/products/itel-a60s-66-hd-display-8128gb-storage-hd-display-8mp-dual-rear-camera-i433726040-s2090405684.html?search=1
81,"Redmi Note 12 8GB Ram 128GB Rom, Display Size 6.67 Inches, Battery Capacity 5000 mAh , Fast charging 33W",49999,Redmi,4.8,95,10,14,67.2,https://www.daraz.pk/products/12-8gb-128gb-667-5000-mah-33w-i432482913-s2064737683.html?search=1
82,Original Vivo Y85 with Box & Charger - Dual Sim Approved - Vivo Y85a - 4GB RAM Mobile - Snapdragon Mobile,15999,Vivo,3,92,1,1,3,https://www.daraz.pk/products/original-vivo-y85-with-box-charger-dual-sim-approved-vivo-y85a-4gb-ram-mobile-snapdragon-mobile-i436809943-s2101413702.html?search=1
83,vivo V29e 5G - 8+8GB Extended RAM - 256GB ROM - 50MP AF Group Selfie - 120Hz Amoled Display,109999,Vivo,3.8,92,4,1,3.8,https://www.daraz.pk/products/vivo-v29e-5g-88gb-extended-ram-256gb-rom-50mp-af-group-selfie-120hz-amoled-display-i437889286-s2113900509.html?search=1
84,Redmi Note 12 || 8GB Ram 128GB Rom || 6.67 Inches AMOLED Display || 5000 mAh - Fast charging 33W wired ||,50699,Redmi,4.8,90,9,23,110.4,https://www.daraz.pk/products/12-8gb-1-000-gb-128-20-33-i421271122-s1988956005.html?search=1
85,Itel S23 - 8GB Ram - 256GB Rom - 5000mAh Battery,32500,Itel,4.8,95,9,6,28.8,https://www.daraz.pk/products/s23-8-128-5000mah-i433716549-s2081356367.html?search=1
86,"Infinix Note 30 RAM 8 GB ROM 256 GB Front Camera 16 MP Back Camera 64 MP + 2 MP + AI Cam Battery Type Li-Po 5000 mAh, non-removable",46999,Infinix,4.8,95,0,25,120,https://www.daraz.pk/products/30-8-gb-256-gb-16-mp-64-mp-2-mp-ai-5000-mah-i428559876-s2046485138.html?search=1
87,Redmi 12 || 8GB Ram 128GB Rom || 5000mAh Battery,42999,Redmi,4.7,91,7,1,4.7,https://www.daraz.pk/products/12-air-8gb-128gb-wach-5000mah-i432544717-s2064878271.html?search=1
88,"Oppo A57 2022 - 6.5"" HD Display - 4GB RAM - 64GB ROM - Dual Sim - PTA Approved - Phone And Box Only (Charger, Accessories Not Included - Mix Color)",26999,Oppo,4.5,76,1,15,67.5,https://www.daraz.pk/products/oppo-a57-2022-65-hd-display-4gb-ram-64gb-rom-dual-sim-pta-approved-phone-and-box-only-charger-accessories-not-included-mix-color-i436693448-s2098342045.html?search=1
89,Redmi 12 || 4GB Ram 128GB Rom || 5000mAh Battery,36999,Redmi,4.6,91,10,18,82.8,https://www.daraz.pk/products/12-4gb-1-000-gb-i434655943-s2084959089.html?search=1
90,"Redmi A2 Plus , 3GB RAM 64GB ROM , 8MP Main Camera , Fingerprint , 5000mAh Fast Charging",20999,Redmi,4.4,95,6,9,39.6,https://www.daraz.pk/products/a2-3gb-64gb-8mp-5000mah-i431415621-s2075020731.html?search=1
91,"Tecno Camon 20 , 8GB RAM 256GB ROM , 64MP Main Camera , Fingerprint , 5000mAh Fast Charging",48999,Tecno,4.9,95,8,14,68.6,https://www.daraz.pk/products/20-8gb-256gb-64mp-5000mah-i430328036-s2060801927.html?search=1
92,"Oppo A57 - 5.2"" HD Display - 4GB RAM - 64GB ROM - Dual Sim - PTA Approved - Phone And Box Only (Charger, Accessories Not Included - Mix Color)",13999,Oppo,3.1,76,6,15,46.5,https://www.daraz.pk/products/oppo-a57-52-hd-display-4gb-ram-64gb-rom-dual-sim-pta-approved-phone-and-box-only-charger-accessories-not-included-mix-color-i436688385-s2098284266.html?search=1
93,"Xiaomi 13T , 12GB RAM 256GB ROM , 50MP Main Camera , Fingerprint , 5000mAh Battery",179999,Xiaomi,5,95,5,16,80,https://www.daraz.pk/products/13t-12gb-256gb-50mp-5000mah-i433939264-s2081872040.html?search=1
94,"Xiaomi 13T Pro - 6.67"" Inch AMOLED Display - 12GB RAM - 512GB ROM",238499,Xiaomi,4,85,7,1,4,https://www.daraz.pk/products/xiaomi-13t-pro-667-inch-amoled-display-12gb-ram-512gb-rom-i434620695-s2084510864.html?search=1
95,Itel A60s || 4GB + 128GB || 6.6 inches IPS Display || Battery Li-Po 5000 mAh,22999,Itel,4.9,94,6,8,39.2,https://www.daraz.pk/products/a60s-wach-4gb-128gb-wach-66-mah-i431406016-s2057010875.html?search=1
96,Xiaomi Redmi Note 12 - 8GB RAM 128GB/256GB ROM - 5000mAh Battery,51999,Redmi,4.5,89,8,16,72,https://www.daraz.pk/products/12-8gb-128gb-5000mah-i421094416-s1988401363.html?search=1
97,"Sparx Neo 7 Ultra 128GB ROM | 8GB RAM Battery: 5000mAh Display: 6.52"" PTA APPROVED OFFICIAL BRAND WARRANTY",32599,Sparx,4.2,85,6,1,4.2,https://www.daraz.pk/products/sparx-neo-7-ultra-128gb-rom-8gb-ram-battery-5000mah-display-652-pta-approved-official-brand-warranty-i433245694-s2076772714.html?search=1
98,"Xiaomi 13T - 6.67"" Inch Display - 12GB RAM - 256GB ROM",169899,Xiaomi,5,85,1,13,65,https://www.daraz.pk/products/xiaomi-13t-667-inch-display-12gb-ram-256gb-rom-i434191686-s2083035287.html?search=1
99,"Tecno Camon 20 - 8GB RAM 256GB ROM - 6.67"" AMOLED Display - Finger On Screen - 5000mAh Battery - 33W Fast Charge - 32MP Selfie Camera - 64 MP + 2MP + AI Cam + Quad Flash - PTA Approved",47999,Tecno,1,89,10,1,1,https://www.daraz.pk/products/20-8gb-256gb-667-5000mah-33-32mp-64-mp-2mp-ai-pta-i429300546-s2089900980.html?search=1
100,"Redmi 12 - 6.79"" Inch Display - 8GB RAM - 128GB ROM",43950,Redmi,4.8,85,3,1,4.8,https://www.daraz.pk/products/redmi-12-679-inch-display-8gb-ram-128gb-rom-i428779197-s2045906124.html?search=1
101,"Xiaomi Redmi 12 || 8GB + 128GB || 6.79"" IPS Display || 5000 mah Battery",42999,Redmi,5,94,3,15,75,https://www.daraz.pk/products/12-8-gb-18-gb-ips-100-mah-i432707379-s2068103885.html?search=1
102,VGOTEL NOTE 23 8+8=16GB RAM 256GB ROM = 5000mAh BATTERY,30999,Vgo,0,96,5,1,0,https://www.daraz.pk/products/23-8-8-16gb-256gb-5000mah-i438405502-s2132478338.html?search=1
103,"infinix Smart 7 HD , 2GB + 2GB Ram 64GB Rom , 6.6 Inches HD , 5000 mAh- Battery",21399,Infinix,4.9,90,10,1,4.9,https://www.daraz.pk/products/7-hd-2gb-2gb-64gb-66-hd-5000-mah-i427598680-s2031585109.html?search=1
104,"Redmi 12C, 4GB RAM 128GB ROM , 50 MP Al Dual Camera , Finger Sensor , 5000 mAh Battery , Fast Charging",27999,Redmi,4.5,87,2,15,67.5,https://www.daraz.pk/products/12c-4gb-128-50-mp-al-5000-mah-i425099135-s2013184805.html?search=1
105,"Infinix Smart 7 , Back Camera 13 MP , 4GB RAM 64GB ROM , Fingerprint , 5000 mAh Battery",25999,Infinix,5,95,5,16,80,https://www.daraz.pk/products/7-13-mp-4gb-64gb-5000-mah-i432049716-s2080852409.html?search=1
106,Infinix Note 30 8GB Ram 256GB Memory,45498,Infinix,5,95,10,24,120,https://www.daraz.pk/products/30-8gb-256gb-i433100478-s2101350773.html?search=1
107,"Tecno Spark 10 Pro , 8GB RAM 128GB ROM , Back Camera 50 MP , fingersensor , 5000mAh Battery",37999,Tecno,4.7,95,5,17,79.9,https://www.daraz.pk/products/10-8gb-128gb-50-mp-5000mah-i432744611-s2068302399.html?search=1
108,itel S23 6.6″ HD+ Display | Up to 16+256GB Storage with Memory Fusion | Color Changing Design | 50 MP AI Camera,33499,itel,4.9,88,4,1,4.9,https://www.daraz.pk/products/s23-66-hd-16-256gb-50-mp-ai-i434062784-s2082218778.html?search=1
109,Infinix Note 30 Pro 8GB Ram 256 GB Memory,62989,Infinix,0,95,9,1,0,https://www.daraz.pk/products/30-8gb-256-gb-i433099468-s2101353493.html?search=1
110,Redmi 12C 4GB Ram 5000mAh Battery Fingerprint Sensor,27999,Redmi,4.5,91,6,14,63,https://www.daraz.pk/products/redmi-12c-4gb-ram-5000mah-battery-fingerprint-sensor-i424648944-s2011336201.html?search=1
111,Tecno Camon 20 Pro 8GB 256GB | 64-megapixel primary camera | MediaTek G99 processor | 5000mAh battery | 1 Year Brand warranty,61999,Tecno,5,100,7,15,75,https://www.daraz.pk/products/20-8gb-26gb-64-g99-1-mah-21-i433969037-s2095364064.html?search=1
112,"Redmi A2 Plus , 3GB Ram 4GB Rom , 6.5 Inches IPS Display , 5000 mAh - Battery",19999,Redmi,4.8,90,1,5,24,https://www.daraz.pk/products/a2-3gb-4gb-65-ips-5000-mah-i431941132-s2060289933.html?search=1
113,INFINIX NOTE 30 - 8GB+8GB =16GB RAM 256GB ROM - 5000 mAh Battery,46799,Infinix,4.8,96,2,16,76.8,https://www.daraz.pk/products/30-8gb-8gb-16gb-256gb-5000-mah-i428410536-s2037419674.html?search=1
114,"Sparx S7 2GB Ram 32GB Rom Tripple Camera 4000mAh Battery 5.45"" Display with One year brand warranty and PTA Approved",14299,No Brand,3.6,92,8,22,79.2,https://www.daraz.pk/products/sparx-s7-2gb-ram-32gb-rom-tripple-camera-4000mah-battery-545-display-with-one-year-brand-warranty-and-pta-approved-i434688222-s2089434696.html?search=1
115,"Redmi Note 12s - 6.43"" Inch Display - 8GB RAM - 256GB ROM",73450,Redmi,1,85,7,25,25,https://www.daraz.pk/products/redmi-note-12s-643-inch-display-8gb-ram-256gb-rom-i432774690-s2068485243.html?search=1
116,Samsung Galaxy A04 4GB - 64GB OFFICIAL PTA APPROVED OFFICIAL WARRANTY,33499,Samsung,4.7,84,2,1,4.7,https://www.daraz.pk/products/samsung-galaxy-a04-4gb-64gb-official-pta-approved-official-warranty-i398449277-s1927450413.html?search=1
117,Infinix Note 30 Pro || 8GB RAM 256Gb ROM || 108MP Triple Camera || 5000mAh Battery (Fast Charging 68W ) || PTA Approved || 1 Year Brand Warranty,62799,Infinix,0,92,6,24,0,https://www.daraz.pk/products/infinix-note-30-pro-8gb-ram-256gb-rom-108mp-triple-camera-5000mah-battery-fast-charging-68w-pta-approved-1-year-brand-warranty-i429065827-s2046368581.html?search=1
118,Infinix Note 30 Pro || 8GB + 8GB Ram 256GB Rom || 5000mAh Battery,62999,Infinix,5,91,6,6,30,https://www.daraz.pk/products/30-wach-8gb-8gb-256gb-wach-5000mah-i434663051-s2087284478.html?search=1
119,"Samsung A54 5G - 6.4"" Inch Display - 8GB RAM",134999,Samsung,5,85,1,26,130,https://www.daraz.pk/products/samsung-a54-5g-64-inch-display-8gb-ram-i428866152-s2045902290.html?search=1
120,Vgotel New 12 - 2GB RAM 64GB ROM - 6.52 Inches Display - 5000mAh Battery,16999,Vgo,5,88,4,26,130,https://www.daraz.pk/products/12-2gb-64gb-652-5000mah-i425521808-s2015916870.html?search=1
121,VGOTEL Note 23 || 8GB+8GB RAM 256GB ROM || 5000mAh Battery,30999,Vgo,0,91,1,16,0,https://www.daraz.pk/products/23-8gb-8gb-256gb-5000mah-i438924368-s2124853900.html?search=1
122,Tecno Camon 20 || 8GB ROM 256GB ROM || 64MP Triple Camera || 5000mAh Battery (Fast Charging) || PTA Approved || 1Year Brand Warrenty,46499,Tecno,5,92,6,23,115,https://www.daraz.pk/products/tecno-camon-20-8gb-rom-256gb-rom-64mp-triple-camera-5000mah-battery-fast-charging-pta-approved-1year-brand-warrenty-i428414881-s2046367833.html?search=1
123,"Infinix Note 30 Pro , 8GB RAM 256GB ROM , 108MP Main Camera , 5000mAh Battery",64999,Infinix,5,89,2,6,30,https://www.daraz.pk/products/30-8gb-256gb-108mp-5000mah-i437993832-s2118719724.html?search=1
124,"Xiaomi Note 12 , 8GB RAM 128GB ROM , 50MP Main Camera , Finger Sensor , 5000mAh Fast Chargiing",49999,Xiaomi,5,87,4,5,25,https://www.daraz.pk/products/12-8gb-128gb-50mp-5000mah-i429660348-s2045859828.html?search=1
125,"Infinix Note 30 Pro , 8GB RAM 256GB ROM , 108MP Main Camera , Fingerprint , 5000mAh Fast Charging",69999,Infinix,5,87,8,16,80,https://www.daraz.pk/products/30-8gb-256gb-108mp-5000mah-i428906412-s2045841922.html?search=1
126,itel S23 || 8GB+8GB Ram 256GB Rom || 5000mAh Battery,32999,Itel,4.9,91,6,16,78.4,https://www.daraz.pk/products/s23-wace-8gb-8gb-8gb-wach-256-mah-i433348791-s2077723745.html?search=1
127,Samsung Galaxy A04e 3GB+32GB,28699,Samsung,4.8,92,7,1,4.8,https://www.daraz.pk/products/samsung-galaxy-a04e-3gb32gb-i424968322-s2012724492.html?search=1
128,Redmi 12C 4GB RAM + 64GB ROM PTA Approved Mobile Phone with 1 Year Brand Warranty,26480,Redmi,4.9,95,9,15,73.5,https://www.daraz.pk/products/4gb-12c-64gb-pta-1-i424399248-s2010703886.html?search=1
129,"Infinix Hot 30 Play RAM 4 GB ROM 64 GB Front Camera 8 MP Back Camera 16 MP + QVGA Battery Type Li-Po 6000 mAh, non-removable",29980,Infinix,4.7,95,2,6,28.2,https://www.daraz.pk/products/30-4-gb-64-gb-8-mp-16-mp-qvga-li-po-6000-mah-i427233504-s2030846651.html?search=1
130,vivo V29 5G - 12GB RAM - 256GB ROM - 50MP OIS Camera - In-Display Fingerprint - 80W Flashcharge,159999,Vivo,4.4,92,5,23,101.2,https://www.daraz.pk/products/vivo-v29-5g-12gb-ram-256gb-rom-50mp-ois-camera-in-display-fingerprint-80w-flashcharge-i434170266-s2082489915.html?search=1
131,Tecno Spark 10 Pro RAM 8 GB ROM 128 GB front Camera 32 MP Back Camera 50 MP Battery Type5000 mAh,37999,Tecno,4.8,95,1,23,110.4,https://www.daraz.pk/products/10-8-gb-128-gb-32-mp-50-mp-i430742292-s2054564300.html?search=1
132,Redmi Note 12 || 8GB Ram 256GB Rom || 5000mAh Battery,61499,Redmi,4.5,91,3,5,22.5,https://www.daraz.pk/products/12-8gb-8gb-256-mah-i433024509-s2071826009.html?search=1
133,"Infinix Note 30 RAM 8 GB ROM 256 GB Front Camera 16 MP Back Camera 64 MP + 2 MP + AI Cam Battery Type Li-Po 5000 mAh, non-removable",46990,Infinix,4.9,95,10,1,4.9,https://www.daraz.pk/products/30-8-gb-256-gb-16-mp-64-mp-2-mp-ai-5000-mah-i428562717-s2046479537.html?search=1
134,"Tecno Spark 10C , 4GB + 4GB Ram 128GB Rom , 6.6 Inches IPS Display 90Hz , 5000 mAh- Fast battery 18W wired",30499,Tecno,4.5,90,0,15,67.5,https://www.daraz.pk/products/4gb-4gb-10c-128gb-66-ips-90hz-5000-mah-18w-i423152535-s2045830936.html?search=1
135,Infinix Smart 7 || 4GB + 3GB Ram 64GB Rom || 6.6 Inches HD + Sunlight Display || 5000 mAh- Fast charging 10W,25999,Infinix,4.8,90,5,5,24,https://www.daraz.pk/products/7-ace-4gb-3gb-64gb-66-hd-ace-5000-mah-10w-i420943912-s1987989151.html?search=1
136,"Tecno Spark Go 2023 , 4GB RAM 64GB ROM , Back Camera 13 MP , Fingersensor , 5000mAh Battery",25999,Tecno,4.6,95,3,17,78.2,https://www.daraz.pk/products/2023-4gb-64gb-13-mp-5000mah-i432435083-s2081245640.html?search=1
137,"Redmi A1 Plus - 6.52"" Inch Display - 2GB RAM - 32GB ROM",18899,Redmi,4.7,85,0,16,75.2,https://www.daraz.pk/products/a1-4-2gb-32gb-i375939955-s1861306345.html?search=1
138,Infinix Note 30 Pro - 6.67 Inch Display - 8GB + 8GB RAM - 256GB ROM,63899,Infinix,3.7,85,0,8,29.6,https://www.daraz.pk/products/infinix-note-30-pro-667-inch-display-8gb-8gb-ram-256gb-rom-i428486750-s2045900698.html?search=1
139,"Xiaomi Poco X5 Pro - 6.67"" Inch FHD+ Display - 8GB RAM -256GB ROM",110750,Xiaomi,5,85,3,8,40,https://www.daraz.pk/products/xiaomi-poco-x5-pro-667-inch-fhd-display-8gb-ram-256gb-rom-i433110695-s2073416622.html?search=1
140,"Itel S23 , 8GB RAM 256GB ROM , 50 MP Main Camera , Fingerprint , 5000mAh Battery",32999,Itel,3,95,9,1,3,https://www.daraz.pk/products/8gb-s23-256gb-50-mp-5000mah-i433867236-s2081681216.html?search=1
141,Infinix Hot 30 || 8GB Ram 128GB Rom || 5000mAh Battery,39999,Infinix,4.5,88,6,1,4.5,https://www.daraz.pk/products/30-8gb-128gb-5000mah-i432048376-s2094321959.html?search=1
142,"Realme Narzo 50A Prime - 6.6"" Inch Display - 4GB RAM - 64GB & 128GB ROM",30590,Realme,4.8,85,1,18,86.4,https://www.daraz.pk/products/realme-narzo-50a-prime-66-inch-display-4gb-ram-64gb-rom-i424261990-s2010226269.html?search=1
143,Tecno Camon 20 - 8GB+8GB Ram 256GB Rom - 5000mAh Battery - In Display Fingerprint,46999,Tecno,5,91,9,5,25,https://www.daraz.pk/products/tecno-camon-20-8gb8gb-ram-256gb-rom-5000mah-battery-in-display-fingerprint-i427916270-s2054994143.html?search=1
144,Tecno Spark 10 Pro || 8GB Ram 128GB Rom || 5000mAh Battery,37499,Tecno,4.6,91,9,1,4.6,https://www.daraz.pk/products/10-wach-8gb-128gb-wach-5000mah-i431094695-s2056254503.html?search=1
145,VGOTEL New 22 || 4+3 GB Ram 128GB Rom || 5000mAh Battery,22999,Vgo,4.8,91,8,1,4.8,https://www.daraz.pk/products/22-4-3-gb-128gb-5000mah-i386865646-s1909346836.html?search=1
146,Xiaomi Poco X5 Pro 5G || 8GB Ram 256GB Rom || 5000mAh Battery,109999,Xiaomi,0,91,3,15,0,https://www.daraz.pk/products/x5-5g-wach-8gb-256gb-wach-5000mah-i432534350-s2064853630.html?search=1
147,"Redmi Note 12 Pro - 6.67"" Inch Display - 8GB RAM - 256GB ROM",88799,Redmi,4,85,2,16,64,https://www.daraz.pk/products/redmi-note-12-pro-667-inch-display-8gb-ram-256gb-rom-i429795970-s2047221383.html?search=1
148,Redmi 12C || 4GB Ram 128GB Rom || 6.71 Inches IPS Display || 5000 mAh - Battery charging 10W wired,28999,Redmi,4.7,90,8,24,112.8,https://www.daraz.pk/products/12c-4gb-1-000-gb-10w-i425749788-s2018940686.html?search=1
149,Xiaomi 13T || 12GB Ram 256GB Rom || 5000mAh Battery || 67W Fast Charging,169999,Xiaomi,0,91,3,5,0,https://www.daraz.pk/products/13t-12gb-1-000-gb-i433848108-s2081658073.html?search=1
150,"Vivo Y17s , 6GB Ram 128GB Rom , Mediatek Helio G85 , 6.56 Inches IPS Display , 5000 mAh- Fast battery 15W",44999,Vivo,0,90,8,20,0,https://www.daraz.pk/products/6gb-y17s-128gb-g85-656-ips-5000-mah-15-i434165099-s2094165661.html?search=1
151,vivo Y36 - 8GB RAM - 256GB ROM - 50 + 2 MP Rear Camera - 5000mAh Battery,69999,Vivo,5,92,7,11,55,https://www.daraz.pk/products/vivo-y36-8gb-ram-256gb-rom-50-2-mp-rear-camera-5000mah-battery-i437888231-s2113531369.html?search=1
152,"Xiaomi Redmi Note 12 Pro RAM 8 GB ROM 256 GB Front Camera 16 MP Back Camera 108 MP + 08 MP + 02 MP Battery Type Li-Po 5000 mAh, non-removable",95000,Redmi,5,93,5,13,65,https://www.daraz.pk/products/12-8-gb-256-gb-16-mp-5mp-08-mp-02-mp-li-po-108-mah-i429687998-s2046482069.html?search=1
153,Samsung Galaxy A54 5G || 8GB+8GB Ram 256GB Rom || 5000mAh Battey,139999,Samsung,5,91,8,23,115,https://www.daraz.pk/products/5g-a54-8gb-8gb-256gb-5000mah-i433354188-s2077723659.html?search=1
154,Redmi Note 12 Pro - 8GB Ram 256GB Rom - 5000mAh Battery,88999,Redmi,4.8,91,8,15,72,https://www.daraz.pk/products/12-8gb-256gb-5000mah-i429700273-s2077728217.html?search=1
155,"Mobile Y85a, Dual Sim, Display 6.2""in, Storage 4/64 GB, Battery 3260 mAh, PTA Approved.",17950,No Brand,3.4,70,4,5,17,https://www.daraz.pk/products/mobile-y85a-dual-sim-display-62in-storage-464-gb-battery-3260-mah-pta-approved-i413772192-s1972275037.html?search=1
156,itel S23 6.6″ HD+ Display | Up to 16+128GB Storage with Memory Fusion | Color Changing Design | 50 MP AI Camera,30499,itel,4.6,88,6,16,73.6,https://www.daraz.pk/products/itel-s23-66-hd-display-up-to-16128gb-storage-with-memory-fusion-color-changing-design-50-mp-ai-camera-i424775876-s2012509103.html?search=1
157,"Tecno Camon 20 , 8GB RAM 256GB ROM , 64MP Main Camera , Fingerprint , 5000mAh Fast Charging",44999,Tecno,5,87,0,17,85,https://www.daraz.pk/products/20-8gb-256gb-64mp-5000mah-i429667652-s2045908853.html?search=1
158,"Redmi Note 12 - 6.67"" Inch Display - 8GB RAM - 128GB / 256GB ROM",50950,Redmi,3.6,85,4,1,3.6,https://www.daraz.pk/products/redmi-note-12-667-inch-display-8gb-ram-128gb-rom-i422415065-s1998747923.html?search=1
159,Sparx Neo 7 Plus || 4 Gb RAM 64 GB ROM || 13MP Camera || 5000mAh Battery || PTA Approved || 1Year Brand Warranty,23299,No Brand,4.7,92,6,1,4.7,https://www.daraz.pk/products/sparx-neo-7-plus-4-gb-ram-64-gb-rom-13mp-camera-5000mah-battery-pta-approved-1year-brand-warranty-i429414221-s2053918040.html?search=1
160,"Nokia C31 Smartphone with 6.75"" HD+ Display and 5050 mAh non-removable battery, 4GB RAM / 128GB ROM, Android 12 OS, 2 years quarterly security updates, 13MP triple rear and selfie cameras - PTA approved",33999,Nokia,4.2,91,6,10,42,https://www.daraz.pk/products/nokia-c31-smartphone-with-675-hd-display-and-5050-mah-non-removable-battery-4gb-ram-128gb-rom-android-12-os-2-years-quarterly-security-updates-13mp-triple-rear-and-selfie-cameras-pta-approved-i377709677-s1863875966.html?search=1
161,Infinix Note 30 8GB+8GB Ram 256GB Rom G99 Powerful Processor,47999,Infinix,0,91,7,6,0,https://www.daraz.pk/products/30-8gb-8gb-1-gb-g99-i428290669-s2035957837.html?search=1
162,Infinix Hot 30 8GB Ram 128GB Memory,35989,Infinix,4.5,95,9,14,63,https://www.daraz.pk/products/30-8gb-128gb-i433096778-s2101355619.html?search=1
163,"Infinix Hot 30 Play - 6.82"" Inch Display - 4GB RAM - 64GB / 12GB ROM",29899,Infinix,4.6,85,3,9,41.4,https://www.daraz.pk/products/infinix-hot-30-play-682-inch-display-4gb-ram-64gb-12gb-rom-i427479408-s2032892687.html?search=1
164,"Realme C33 , 4GB RAM 64GB ROM , Fingersensor , BackCamera 50MP , 5000mAh Battery",30999,Realme,4.4,95,1,1,4.4,https://www.daraz.pk/products/4gb-c33-64gb-50mp-5000mah-i432451761-s2064642431.html?search=1
165,"Xiaomi Redmi 12 , 8GB RAM 128GB ROM , 50 MP Main Camera , Fingerprint , 5000mAh Fast Charging",43699,Redmi,5,89,3,19,95,https://www.daraz.pk/products/12-8gb-128gb-50-mp-5000mah-i436379657-s2095426645.html?search=1
166,"Infinix Hot 30 Play , 4GB RAM 64GB ROM , 16MP Main Camera , Fingersensor , 6000mAh Fast charging 18W",31999,Infinix,4.9,95,0,1,4.9,https://www.daraz.pk/products/30-4gb-64gb-16mp-6000mah-18-i432095802-s2064256391.html?search=1
167,"Xiaomi Redmi Note 12 RAM 8 GB ROM 128 Front Camera 13 MP Back Camera 50 MP + 8 MP + 2 MP Battery Type Li-Po 5000 mAh, non-removable",51999,Redmi,5,93,5,1,5,https://www.daraz.pk/products/12-8-gb-128-13-mp-50-mp-8-mp-2-mp-5000-mah-i421162647-s1988554083.html?search=1
168,"Infinix Note 30 - 8GB RAM 128/256GB ROM - 6.78"" FHD+ Eye-care Display with 120Hz Dynamic Refresh Rate",47499,Infinix,5,89,7,25,125,https://www.daraz.pk/products/30-8gb-1-000-gb-fhd-128-hz-i429297582-s2056907678.html?search=1
169,Infinix Note 30 - 8GB RAM 256GB ROM - 6.78 Inches Display - IPS LCD - Dual SIM - 5000mAh Battery,48999,Infinix,5,91,3,26,130,https://www.daraz.pk/products/30-8gb-256gb-678-ips-lcd-5000mah-i433841149-s2081622645.html?search=1
170,"Sparx Neo 7 Ultra 128GB ROM 8GB RAM Battery: 5000mAh Display: 6.52"" PTA APPROVED OFFICIAL BRAND WARRANTY",34999,No Brand,0,89,6,5,0,https://www.daraz.pk/products/7-128gb-8gb-5000mah-652-pta-i437983553-s2118069843.html?search=1
171,"Vivo Y17s - 6.56"" Inch Display - 6GB RAM - 128GB ROM",43999,Vivo,0,85,7,16,0,https://www.daraz.pk/products/vivo-y17s-656-inch-display-6gb-ram-128gb-rom-i434359810-s2083039016.html?search=1
172,"Xiaomi 13T 12GB RAM-256GB ROM Flat display - FHD+ 6.67"" AMOLED PTA APPROVED OFFICIAL BRAND WARRANTY",165999,Redmi,0,85,0,5,0,https://www.daraz.pk/products/xiaomi-13t-12gb-ram-256gb-rom-flat-display-fhd-667-amoled-pta-approved-official-brand-warranty-i439123334-s2126032795.html?search=1
173,"Redmi 12 , 8GB RAM 128GB ROM , 50 MP Main Camera , Fingerprint , 5000mAh Fast Charging",42999,Redmi,4.5,87,5,8,36,https://www.daraz.pk/products/12-8gb-128gb-50-mp-5000mah-i433899458-s2081776225.html?search=1
174,Vivo Y17S || 6GB+6GB Ram 128GB Rom || 5000mAh Battery,44999,Vivo,4.8,91,2,5,24,https://www.daraz.pk/products/y27s-wair-6-6gb-64gb-5000mah-i434207118-s2082927409.html?search=1
175,Samsung Galaxy A14 - 6GB ROM 128 GB - PTA Approved 1 Year Official Warranty,53999,Samsung,4.9,93,2,13,63.7,https://www.daraz.pk/products/samsung-galaxy-a14-6gb-rom-128-gb-pta-approved-1-year-official-warranty-i428408681-s2037400447.html?search=1
176,"Samsung Galaxy A04s , 4GB Ram 128GB Rom , 6.5 Inches IPS Display 90Hz , 5000 mAh- Fast charging 15W",39799,Samsung,4,90,5,15,60,https://www.daraz.pk/products/4gb-a04s-128gb-65-ips-90hz-5000-mah-15-i429661925-s2045886879.html?search=1
177,"Samsung Galaxy A04 - 6.5"" Inch Display - 3GB RAM - 32GB ROM",23499,Samsung,5,85,7,26,130,https://www.daraz.pk/products/samsung-galaxy-a04-65-inch-display-3gb-ram-32gb-rom-i396504249-s1921861685.html?search=1
178,"Vivo Y36 ROM 8 GB ROM 128 GB Front Camera 16 MP Back Camera 50 MP + 2 MP + 2 MP Battery Type Li-Po 5000 mAh, non-removable",62480,Vivo,4.8,95,0,13,62.4,https://www.daraz.pk/products/y36-8-gb-128-gb-16-mp-50-mp-2-mp-2-mp-li-po-5000-mah-i426880911-s2026142706.html?search=1
179,"Realme Narzo 50 - 6.56"" Inch Display - 4GB RAM - 64GB ROM",39999,Realme,4.8,85,2,5,24,https://www.daraz.pk/products/realme-narzo-50-656-inch-display-4gb-ram-64gb-rom-i406761791-s1954716410.html?search=1
180,Tecno SPARK 10 PRO 8GB RAM - 128GB ROM 50 MP CAMERA DUAL SIM,39499,Tecno,5,88,5,1,5,https://www.daraz.pk/products/10-8gb-128gb-50-mp-i432048417-s2094334659.html?search=1
181,"Samsung Galaxy A54 , 5G , 8GB Ram 256GB Rom , 6.4 Inches AMOLED Display 120Hz , 5000 mAh-Fast battery 25W wired",135999,Samsung,0,90,2,14,0,https://www.daraz.pk/products/a54-5g-8gb-256gb-64-120hz-5000-mah-25w-i429905632-s2047265791.html?search=1
182,"Redmi A2 Plus || 3GB + 64GB || 6.5 IPS Display || Battery (Li-ion Non removable), 5000 mAh",20499,Redmi,5,94,3,1,5,https://www.daraz.pk/products/a2-3gb-64gb-a2-li-ion-65-mah-i431400484-s2057010979.html?search=1
183,"INFINIX SMART 7 4GB RAM 64GB ROM || 6000mAh BATTERY || 4G LTE || 6.6"" DISPLAY || ONE YEAR BRAND WARRANTY || PTA APPROVED",25399,Infinix,5,92,4,1,5,https://www.daraz.pk/products/infinix-smart-7-4gb-ram-64gb-rom-6000mah-battery-4g-lte-66-display-one-year-brand-warranty-pta-approved-i422864285-s2002199437.html?search=1
184,"vivo Y02t - 4GB RAM - 64GB ROM - 6.51"" Display - 5000mAh Battery",29999,Vivo,4.7,92,9,1,4.7,https://www.daraz.pk/products/vivo-y02t-4gb-ram-64gb-rom-651-display-5000mah-battery-i427279605-s2028398545.html?search=1
185,"Redmi Note 12 Pro , 8GB Ram 256GB Rom , 6.67 Inches AMOLED Display || 5000 mAh - Fast charging 67W",88999,Redmi,4.8,90,9,1,4.8,https://www.daraz.pk/products/12-8gb-256gb-667-5000-mah-67-i429674904-s2045924192.html?search=1
186,Itel A60s || 4GB RAM 128GB ROM || 8MP camera || 5000 mAh bettery || PTA approved || 1year brand warranty,22999,Itel,4.5,92,4,16,72,https://www.daraz.pk/products/itel-a60s-4gb-ram-128gb-rom-8mp-camera-5000-mah-bettery-pta-approved-1year-brand-warranty-i431458634-s2057536404.html?search=1
187,"Samsung A54 , 8GB RAM 256GB RAM , 50MP Main Camera , 5000mAh Fast Charging",142999,Samsung,5,95,5,1,5,https://www.daraz.pk/products/a54-8gb-256gb-50mp-5000mah-i431346051-s2056868627.html?search=1
188,"Xiaomi Poco X5 Pro 5 G RAM 8 GB ROM 256 GB Front Camera 16 MP Back Camera 108 MP + 8 MP + 2 MP Battery Type Li-Po 5000 mAh, non-removable",115000,Xiaomi,5,95,3,21,105,https://www.daraz.pk/products/x5-5-g-8-gb-256-gb-16-mp-8-mp-8-mp-2-mp-li-po-108-mah-i432579662-s2065245645.html?search=1
189,Vivo V27e || 8GB Ram 256GB Rom || 4600 mAh Battery,98999,Vivo,5,91,6,15,75,https://www.daraz.pk/products/v27e-8gb-256gb-4600-mah-i422687968-s2000586473.html?search=1
190,"Infinix Note 30 RAM 8 GB ROM 256 GB Front Camera 16 MP Back Camera 64 MP + 2 MP + AI Cam Battery Type Li-Po 5000 mAh, non-removable",47499,Infinix,0,89,1,17,0,https://www.daraz.pk/products/30-8-gb-256-gb-16-mp-64-mp-2-mp-ai-5000-mah-i430552790-s2053349346.html?search=1
191,"Samsung Galaxy A13 - 6.6"" Inch display - 4GB RAM",43499,Samsung,4.7,85,3,25,117.5,https://www.daraz.pk/products/samsung-galaxy-a13-66-inch-display-4gb-ram-i290940312-s1563556886.html?search=1
192,Galaxy A04s 4GB RAM-128GB ROM PTA APPROVED OFFICIAL BRAND WARRANNTY,38999,Samsung,3.3,84,6,25,82.5,https://www.daraz.pk/products/galaxy-a04s-4gb-ram-128gb-rom-pta-approved-official-brand-warrannty-i424949489-s2012640593.html?search=1
193,Infinix Smart 7 4GB Ram 64GB Rom 5000mAh Battery,25999,Infinix,4.8,91,7,16,76.8,https://www.daraz.pk/products/7-4gb-64gb-5000mah-i419531642-s1984081549.html?search=1
194,"Itel S23 , 8GB RAM 128GB ROM , 50MP Main Camera , Fingerprint , 5000mAh Battery",30299,Itel,4.8,90,9,22,105.6,https://www.daraz.pk/products/8gb-s23-128gb-50mp-5000mah-i429908133-s2048933084.html?search=1
195,iPhone X - Official PTA Approved - 64gb and 256gb - original battery with Face id Working 100% - Best Phone for Gaming and Photography,92999,No Brand,5,0,0,22,110,https://www.daraz.pk/products/x-pta-64gb-256gb-id-100-i438159695-s2119064119.html?search=1
196,Tecno Spark 10C RAM 4 GB ROM 128 GB Front Camera 8 MP Back Camera 16 MP Battery Type 5000 mAh,29999,Tecno,5,93,0,18,90,https://www.daraz.pk/products/10c-4-gb-128-gb-8-mp-16-mp-5000-mah-i423480189-s2005139183.html?search=1
197,Vgotel New 12 - 2GB RAM 64GB ROM - 6.52 Inches Display - 5000mAh Battery,16999,Vgo,5,89,8,25,125,https://www.daraz.pk/products/12-2gb-64gb-652-5000mah-i425532202-s2015917650.html?search=1
198,Redmi 12C 4GB RAM + 128GB ROM PTA Approved Mobile Phone with 1 Year Brand Warranty,30940,Redmi,5,95,5,1,5,https://www.daraz.pk/products/4gb-12c-128gb-pta-1-i424387894-s2010688930.html?search=1
199,Infinix Zero 30 4G RAM 8 GB ROM 256 GB Front Camera 50 MP Back Camera 108 MP + 2 MP + 2 MP Battery Type 5000 mAh,69999,Infinix,5,95,5,1,5,https://www.daraz.pk/products/30-4g-8-gb-256-gb-50-mp-2-mp-2-mp-2-mp-i438402434-s2132188263.html?search=1
200,Infinix Note 30 Pro - 8GB RAM 256GB ROM - 120Hz 10-bit AMOLED Eye-care Display,64499,Infinix,0,89,,,0,https://www.daraz.pk/products/30-8gb-256gb-10-hz-10-bit-i429301030-s2041761202.html?search=1